Company,Role,Country,Level
IBM,Collections Professional,Philippines             	      ,Entry Level
IBM,Data Consultant-Data Governance,India             	      ,Entry Level
IBM,Quality Engineer-Automation,India             	      ,Entry Level
IBM,サプライチェーンコンサルタント,Japan             	      ,Entry Level
IBM,Package Consultant-SAP HANA FIN FI,India             	      ,Entry Level
IBM,OpenShift Hypervisor Developer (f/m/x),Germany                                                           ,Entry Level
IBM,Recruitment Screening Specialist,Philippines             	      ,Entry Level
IBM,Package Specialist-SAP Cloud Integration,India             	      ,Entry Level
IBM,IT Technical Specialist,India             	      ,Entry Level
IBM,Consultant(Finance),Japan             	      ,Entry Level
IBM,Data Engineer-Data Platforms-AWS,India             	      ,Entry Level
IBM,BPOプロジェクトチームリーダー,Japan             	      ,Entry Level
IBM,Application Developer-Mobile iOS,India             	      ,Entry Level
IBM,Graduate Back-End Developer,United                                                  ,Entry Level
IBM,PROCESS DELIVERY SPECIALIST-LEAD TO CASH,India             	      ,Entry Level
IBM,Entry Level Technical Support Engineer - Cloudability,US,Entry Level
IBM,Sr. Process Analyst Finance & Administration Delivery - Order to Cash,India             	      ,Entry Level
IBM,PROCESS DELIVERY SPECIALIST-RECORD TO REPORT,India             	      ,Entry Level
IBM,Package Consultant-Workday Integrations,India             	      ,Entry Level
IBM,Package Consultant-SAP Cloud Integration,India             	      ,Entry Level
IBM,Data Engineer-Data Platforms,India             	      ,Entry Level
IBM,Package Consultant-Workday Data Conversion,India             	      ,Entry Level
IBM,PROCESS DELIVERY SPECIALIST-PROCURE TO PAY,India             	      ,Entry Level
IBM,Application Developer - Experience Fullstack,Brazil             	      ,Entry Level
IBM,Package Specialist-SAP HANA Basis,India             	      ,Entry Level
IBM,Entry Level Technical Enablement Specialist 2026,Multiple Cities,Entry Level
IBM,AI Software Engineer,US,Entry Level
IBM,Recruitment Screening Specialist,Philippines             	      ,Entry Level
IBM,Application Developer-SAP ABAP HANA,India             	      ,Entry Level
IBM,Contact Center Professionals,Philippines             	      ,Entry Level
IBM,Collections Professional,Philippines             	      ,Entry Level
IBM,Data Consultant-Data Governance,India             	      ,Entry Level
IBM,Quality Engineer-Automation,India             	      ,Entry Level
IBM,サプライチェーンコンサルタント,Japan             	      ,Entry Level
IBM,Package Consultant-SAP HANA FIN FI,India             	      ,Entry Level
IBM,OpenShift Hypervisor Developer (f/m/x),Germany                                                           ,Entry Level
IBM,Recruitment Screening Specialist,Philippines             	      ,Entry Level
IBM,Package Specialist-SAP Cloud Integration,India             	      ,Entry Level
IBM,IT Technical Specialist,India             	      ,Entry Level
IBM,Consultant(Finance),Japan             	      ,Entry Level
IBM,Data Engineer-Data Platforms-AWS,India             	      ,Entry Level
IBM,BPOプロジェクトチームリーダー,Japan             	      ,Entry Level
IBM,Application Developer-Mobile iOS,India             	      ,Entry Level
IBM,Graduate Back-End Developer,United                                                  ,Entry Level
IBM,PROCESS DELIVERY SPECIALIST-LEAD TO CASH,India             	      ,Entry Level
IBM,Entry Level Technical Support Engineer - Cloudability,US,Entry Level
IBM,Sr. Process Analyst Finance & Administration Delivery - Order to Cash,India             	      ,Entry Level
IBM,PROCESS DELIVERY SPECIALIST-RECORD TO REPORT,India             	      ,Entry Level
IBM,Package Consultant-Workday Integrations,India             	      ,Entry Level
IBM,Package Consultant-SAP Cloud Integration,India             	      ,Entry Level
IBM,Data Engineer-Data Platforms,India             	      ,Entry Level
IBM,Package Consultant-Workday Data Conversion,India             	      ,Entry Level
IBM,PROCESS DELIVERY SPECIALIST-PROCURE TO PAY,India             	      ,Entry Level
IBM,Application Developer - Experience Fullstack,Brazil             	      ,Entry Level
IBM,Package Specialist-SAP HANA Basis,India             	      ,Entry Level
IBM,Entry Level Technical Enablement Specialist 2026,Multiple Cities,Entry Level
IBM,AI Software Engineer,US,Entry Level
IBM,Recruitment Screening Specialist,Philippines             	      ,Entry Level
IBM,Application Developer-SAP ABAP HANA,India             	      ,Entry Level
IBM,Contact Center Professionals,Philippines             	      ,Entry Level
IBM,Collections Professional,Philippines             	      ,Entry Level
IBM,Quality Engineer-Automation,India             	      ,Entry Level
IBM,サプライチェーンコンサルタント,Japan             	      ,Entry Level
IBM,Package Consultant-SAP HANA FIN FI,India             	      ,Entry Level
IBM,OpenShift Hypervisor Developer (f/m/x),Germany                                                           ,Entry Level
IBM,Recruitment Screening Specialist,Philippines             	      ,Entry Level
IBM,Package Specialist-SAP Cloud Integration,India             	      ,Entry Level
IBM,IT Technical Specialist,India             	      ,Entry Level
IBM,Data Engineer-Data Platforms-AWS,India             	      ,Entry Level
IBM,BPOプロジェクトチームリーダー,Japan             	      ,Entry Level
IBM,Application Developer-Mobile iOS,India             	      ,Entry Level
IBM,Graduate Back-End Developer,United                                                  ,Entry Level
IBM,PROCESS DELIVERY SPECIALIST-LEAD TO CASH,India             	      ,Entry Level
IBM,Entry Level Technical Support Engineer - Cloudability,US,Entry Level
IBM,Sr. Process Analyst Finance & Administration Delivery - Order to Cash,India             	      ,Entry Level
IBM,PROCESS DELIVERY SPECIALIST-RECORD TO REPORT,India             	      ,Entry Level
IBM,Package Consultant-Workday Integrations,India             	      ,Entry Level
IBM,Data Engineer-Data Platforms,India             	      ,Entry Level
IBM,Package Consultant-Workday Data Conversion,India             	      ,Entry Level
IBM,PROCESS DELIVERY SPECIALIST-PROCURE TO PAY,India             	      ,Entry Level
IBM,Application Developer - Experience Fullstack,Brazil             	      ,Entry Level
IBM,Package Specialist-SAP HANA Basis,India             	      ,Entry Level
IBM,Entry Level Technical Enablement Specialist 2026,Multiple Cities,Entry Level
IBM,AI Software Engineer,US,Entry Level
IBM,Recruitment Screening Specialist,Philippines             	      ,Entry Level
IBM,Application Developer-SAP ABAP HANA,India             	      ,Entry Level
IBM,PROCESS DELIVERY SPECIALIST-PROCURE TO PAY,India             	      ,Entry Level
IBM,Contact Center Professionals,Philippines             	      ,Entry Level
IBM,Consultant(Finance),Japan             	      ,Entry Level
IBM,Data Consultant-Data Governance,India             	      ,Entry Level
IBM,Collections Professional,Philippines             	      ,Entry Level
IBM,Quality Engineer-Automation,India             	      ,Entry Level
IBM,サプライチェーンコンサルタント,Japan             	      ,Entry Level
IBM,Package Consultant-SAP HANA FIN FI,India             	      ,Entry Level
IBM,OpenShift Hypervisor Developer (f/m/x),Germany                                                           ,Entry Level
IBM,Recruitment Screening Specialist,Philippines             	      ,Entry Level
IBM,Package Specialist-SAP Cloud Integration,India             	      ,Entry Level
IBM,IT Technical Specialist,India             	      ,Entry Level
IBM,Data Engineer-Data Platforms-AWS,India             	      ,Entry Level
IBM,BPOプロジェクトチームリーダー,Japan             	      ,Entry Level
IBM,Application Developer-Mobile iOS,India             	      ,Entry Level
IBM,Graduate Back-End Developer,United                                                  ,Entry Level
IBM,PROCESS DELIVERY SPECIALIST-LEAD TO CASH,India             	      ,Entry Level
IBM,Entry Level Technical Support Engineer - Cloudability,US,Entry Level
IBM,Sr. Process Analyst Finance & Administration Delivery - Order to Cash,India             	      ,Entry Level
IBM,PROCESS DELIVERY SPECIALIST-RECORD TO REPORT,India             	      ,Entry Level
IBM,Package Consultant-Workday Integrations,India             	      ,Entry Level
IBM,Data Engineer-Data Platforms,India             	      ,Entry Level
IBM,Package Consultant-Workday Data Conversion,India             	      ,Entry Level
IBM,PROCESS DELIVERY SPECIALIST-PROCURE TO PAY,India             	      ,Entry Level
IBM,Application Developer - Experience Fullstack,Brazil             	      ,Entry Level
IBM,Package Specialist-SAP HANA Basis,India             	      ,Entry Level
IBM,Entry Level Technical Enablement Specialist 2026,Multiple Cities,Entry Level
IBM,AI Software Engineer,US,Entry Level
IBM,Recruitment Screening Specialist,Philippines             	      ,Entry Level
IBM,Application Developer-SAP ABAP HANA,India             	      ,Entry Level
IBM,PROCESS DELIVERY SPECIALIST-PROCURE TO PAY,India             	      ,Entry Level
IBM,Contact Center Professionals,Philippines             	      ,Entry Level
IBM,Consultant(Finance),Japan             	      ,Entry Level
IBM,Data Consultant-Data Governance,India             	      ,Entry Level
Accenture,Identity & Access Management Security - Ping Identity/ForgeRock Consultant,Various locations,Mid-Level
Accenture,Life Sciences: Scientific and Laboratory Informatics Manager,Various locations,Senior Level
Accenture,Industry X - AVEVA MES Developer / Specialist,Various locations,Mid-Level
Accenture,Life Sciences Labs Digital Transformation/Informatics Consultant,Various locations,Mid-Level
Accenture,Scientific and Laboratory Informatics Consultant,Various locations,Mid-Level
Accenture,Tech Partner Marketing Strategy Manager,Various locations,Senior Level
Accenture,SAP Tech Arch Senior Manager - Utilities,Various locations,Senior Level
Accenture,Go-to-Market (GTM) Lead – Technology Training (Mid-Market),"Raleigh, NC",Senior Level
Accenture,Contracting Counsel Manager,Various locations,Senior Level
Accenture,Oracle Field Service Manager,Various locations,Mid-Level
Accenture,AI Native Software Engineering Manager,Various locations,Senior Level
Accenture,ServiceNow Delivery Lead Manager,Various locations,Senior Level
Accenture,Identity & Access Management Security - Ping Identity/ForgeRock Consultant,Various locations,Mid-Level
Accenture,Life Sciences: Scientific and Laboratory Informatics Manager,Various locations,Senior Level
Accenture,Industry X - AVEVA MES Developer / Specialist,Various locations,Mid-Level
Accenture,Life Sciences Labs Digital Transformation/Informatics Consultant,Various locations,Mid-Level
Accenture,Scientific and Laboratory Informatics Consultant,Various locations,Mid-Level
Accenture,Tech Partner Marketing Strategy Manager,Various locations,Senior Level
Accenture,SAP Tech Arch Senior Manager - Utilities,Various locations,Senior Level
Accenture,Go-to-Market (GTM) Lead – Technology Training (Mid-Market),"Raleigh, NC",Senior Level
Accenture,Contracting Counsel Manager,Various locations,Senior Level
Accenture,Oracle Field Service Manager,Various locations,Mid-Level
Accenture,AI Native Software Engineering Manager,Various locations,Senior Level
Accenture,ServiceNow Delivery Lead Manager,Various locations,Senior Level
Accenture,Identity & Access Management Security - Ping Identity/ForgeRock Consultant,Various locations,Mid-Level
Accenture,Life Sciences: Scientific and Laboratory Informatics Manager,Various locations,Senior Level
Accenture,Industry X - AVEVA MES Developer / Specialist,Various locations,Mid-Level
Accenture,Life Sciences Labs Digital Transformation/Informatics Consultant,Various locations,Mid-Level
Accenture,Scientific and Laboratory Informatics Consultant,Various locations,Mid-Level
Accenture,Tech Partner Marketing Strategy Manager,Various locations,Senior Level
Accenture,SAP Tech Arch Senior Manager - Utilities,Various locations,Senior Level
Accenture,Go-to-Market (GTM) Lead – Technology Training (Mid-Market),"Raleigh, NC",Senior Level
Accenture,Contracting Counsel Manager,Various locations,Senior Level
Accenture,Oracle Field Service Manager,Various locations,Mid-Level
Accenture,AI Native Software Engineering Manager,Various locations,Senior Level
Accenture,ServiceNow Delivery Lead Manager,Various locations,Senior Level
Accenture,Identity & Access Management Security - Ping Identity/ForgeRock Consultant,Various locations,Mid-Level
Accenture,Life Sciences: Scientific and Laboratory Informatics Manager,Various locations,Senior Level
Accenture,Industry X - AVEVA MES Developer / Specialist,Various locations,Mid-Level
Accenture,Life Sciences Labs Digital Transformation/Informatics Consultant,Various locations,Mid-Level
Accenture,Scientific and Laboratory Informatics Consultant,Various locations,Mid-Level
Accenture,Tech Partner Marketing Strategy Manager,Various locations,Senior Level
Accenture,SAP Tech Arch Senior Manager - Utilities,Various locations,Senior Level
Accenture,Go-to-Market (GTM) Lead – Technology Training (Mid-Market),"Raleigh, NC",Senior Level
Accenture,Contracting Counsel Manager,Various locations,Senior Level
Accenture,Oracle Field Service Manager,Various locations,Mid-Level
Accenture,AI Native Software Engineering Manager,Various locations,Senior Level
Accenture,ServiceNow Delivery Lead Manager,Various locations,Senior Level
